month,day,weekday,daytype,hour,hourtype,location
1,4,wednesday,weekday,0,night,home
1,4,wednesday,weekday,1,night,home
1,4,wednesday,weekday,2,night,home
1,4,wednesday,weekday,3,night,home
1,4,wednesday,weekday,4,night,home
1,4,wednesday,weekday,5,night,home
1,4,wednesday,weekday,6,morning,home
1,4,wednesday,weekday,7,morning,home
1,4,wednesday,weekday,8,morning,home
1,4,wednesday,weekday,9,morning,office
1,4,wednesday,weekday,10,morning,office
1,4,wednesday,weekday,11,morning,office
1,4,wednesday,weekday,12,afternoon,office
1,4,wednesday,weekday,13,afternoon,office
1,4,wednesday,weekday,14,afternoon,office
1,4,wednesday,weekday,15,afternoon,office
1,4,wednesday,weekday,16,afternoon,office
1,4,wednesday,weekday,17,afternoon,office
1,4,wednesday,weekday,18,evening,home
1,4,wednesday,weekday,19,evening,home
1,4,wednesday,weekday,20,evening,home
1,4,wednesday,weekday,21,evening,home
1,4,wednesday,weekday,22,night,home
1,4,wednesday,weekday,23,night,home
1,5,thursday,weekday,0,night,home
1,5,thursday,weekday,1,night,home
1,5,thursday,weekday,2,night,home
1,5,thursday,weekday,3,night,home
1,5,thursday,weekday,4,night,home
1,5,thursday,weekday,5,night,home
1,5,thursday,weekday,6,morning,home
1,5,thursday,weekday,7,morning,home
1,5,thursday,weekday,8,morning,home
1,5,thursday,weekday,9,morning,office
1,5,thursday,weekday,10,morning,office
1,5,thursday,weekday,11,morning,restaurant
1,5,thursday,weekday,12,afternoon,restaurant
1,5,thursday,weekday,13,afternoon,office
1,5,thursday,weekday,14,afternoon,office
1,5,thursday,weekday,15,afternoon,office
1,5,thursday,weekday,16,afternoon,office
1,5,thursday,weekday,17,afternoon,office
1,5,thursday,weekday,18,evening,office
1,5,thursday,weekday,19,evening,home
1,5,thursday,weekday,20,evening,home
1,5,thursday,weekday,21,evening,home
1,5,thursday,weekday,22,night,home
1,5,thursday,weekday,23,night,home
1,6,friday,weekday,0,night,home
1,6,friday,weekday,1,night,home
1,6,friday,weekday,2,night,home
1,6,friday,weekday,3,night,home
1,6,friday,weekday,4,night,home
1,6,friday,weekday,5,night,home
1,6,friday,weekday,6,morning,home
1,6,friday,weekday,7,morning,home
1,6,friday,weekday,8,morning,home
1,6,friday,weekday,9,morning,office
1,6,friday,weekday,10,morning,office
1,6,friday,weekday,11,morning,restaurant
1,6,friday,weekday,12,afternoon,restaurant
1,6,friday,weekday,13,afternoon,campus
1,6,friday,weekday,14,afternoon,campus
1,6,friday,weekday,15,afternoon,campus
1,6,friday,weekday,16,afternoon,campus
1,6,friday,weekday,17,afternoon,home
1,6,friday,weekday,18,evening,home
1,6,friday,weekday,19,evening,home
1,6,friday,weekday,20,evening,home
1,6,friday,weekday,21,evening,store
1,6,friday,weekday,22,night,store
1,6,friday,weekday,23,night,home
1,7,saturday,weekend,0,night,home
1,7,saturday,weekend,1,night,home
1,7,saturday,weekend,2,night,home
1,7,saturday,weekend,3,night,home
1,7,saturday,weekend,4,night,home
1,7,saturday,weekend,5,night,home
1,7,saturday,weekend,6,morning,home
1,7,saturday,weekend,7,morning,home
1,7,saturday,weekend,8,morning,home
1,7,saturday,weekend,9,morning,home
1,7,saturday,weekend,10,morning,home
1,7,saturday,weekend,11,morning,home
1,7,saturday,weekend,12,afternoon,home
1,7,saturday,weekend,13,afternoon,home
1,7,saturday,weekend,14,afternoon,home
1,7,saturday,weekend,15,afternoon,home
1,7,saturday,weekend,16,afternoon,home
1,7,saturday,weekend,17,afternoon,home
1,7,saturday,weekend,18,evening,home
1,7,saturday,weekend,19,evening,home
1,7,saturday,weekend,20,evening,home
1,7,saturday,weekend,21,evening,home
1,7,saturday,weekend,22,night,home
1,7,saturday,weekend,23,night,home
1,8,sunday,weekend,0,night,home
1,8,sunday,weekend,1,night,home
1,8,sunday,weekend,2,night,home
1,8,sunday,weekend,3,night,home
1,8,sunday,weekend,4,night,home
1,8,sunday,weekend,5,night,home
1,8,sunday,weekend,6,morning,home
1,8,sunday,weekend,7,morning,home
1,8,sunday,weekend,8,morning,home
1,8,sunday,weekend,9,morning,home
1,8,sunday,weekend,10,morning,home
1,8,sunday,weekend,11,morning,home
1,8,sunday,weekend,12,afternoon,home
1,8,sunday,weekend,13,afternoon,restaurant
1,8,sunday,weekend,14,afternoon,restaurant
1,8,sunday,weekend,15,afternoon,home
1,8,sunday,weekend,16,afternoon,home
1,8,sunday,weekend,17,afternoon,home
1,8,sunday,weekend,18,evening,home
1,8,sunday,weekend,19,evening,home
1,8,sunday,weekend,20,evening,home
1,8,sunday,weekend,21,evening,home
1,8,sunday,weekend,22,night,home
1,8,sunday,weekend,23,night,home
1,9,monday,weekday,0,night,home
1,9,monday,weekday,1,night,home
1,9,monday,weekday,2,night,home
1,9,monday,weekday,3,night,home
1,9,monday,weekday,4,night,home
1,9,monday,weekday,5,night,home
1,9,monday,weekday,6,morning,home
1,9,monday,weekday,7,morning,home
1,9,monday,weekday,8,morning,campus
1,9,monday,weekday,9,morning,campus
1,9,monday,weekday,10,morning,campus
1,9,monday,weekday,11,morning,office
1,9,monday,weekday,12,afternoon,restaurant
1,9,monday,weekday,13,afternoon,office
1,9,monday,weekday,14,afternoon,office
1,9,monday,weekday,15,afternoon,office
1,9,monday,weekday,16,afternoon,office
1,9,monday,weekday,17,afternoon,office
1,9,monday,weekday,18,evening,store
1,9,monday,weekday,19,evening,home
1,9,monday,weekday,20,evening,home
1,9,monday,weekday,21,evening,home
1,9,monday,weekday,22,night,home
1,9,monday,weekday,23,night,home
1,10,tuesday,weekday,0,night,home
1,10,tuesday,weekday,1,night,home
1,10,tuesday,weekday,2,night,home
1,10,tuesday,weekday,3,night,home
1,10,tuesday,weekday,4,night,home
1,10,tuesday,weekday,5,night,home
1,10,tuesday,weekday,6,morning,home
1,10,tuesday,weekday,7,morning,home
1,10,tuesday,weekday,8,morning,home
1,10,tuesday,weekday,9,morning,home
1,10,tuesday,weekday,10,morning,office
1,10,tuesday,weekday,11,morning,restaurant
1,10,tuesday,weekday,12,afternoon,restaurant
1,10,tuesday,weekday,13,afternoon,office
1,10,tuesday,weekday,14,afternoon,office
1,10,tuesday,weekday,15,afternoon,office
1,10,tuesday,weekday,16,afternoon,office
1,10,tuesday,weekday,17,afternoon,office
1,10,tuesday,weekday,18,evening,home
1,10,tuesday,weekday,19,evening,home
1,10,tuesday,weekday,20,evening,home
1,10,tuesday,weekday,21,evening,home
1,10,tuesday,weekday,22,night,home
1,10,tuesday,weekday,23,night,home
1,11,wednesday,weekday,0,night,home
1,11,wednesday,weekday,1,night,home
1,11,wednesday,weekday,2,night,home
1,11,wednesday,weekday,3,night,home
1,11,wednesday,weekday,4,night,home
1,11,wednesday,weekday,5,night,home
1,11,wednesday,weekday,6,morning,home
1,11,wednesday,weekday,7,morning,home
1,11,wednesday,weekday,8,morning,restaurant
1,11,wednesday,weekday,9,morning,appointment
1,11,wednesday,weekday,10,morning,appointment
1,11,wednesday,weekday,11,morning,restaurant
1,11,wednesday,weekday,12,afternoon,restaurant
1,11,wednesday,weekday,13,afternoon,campus
1,11,wednesday,weekday,14,afternoon,campus
1,11,wednesday,weekday,15,afternoon,campus
1,11,wednesday,weekday,16,afternoon,campus
1,11,wednesday,weekday,17,afternoon,campus
1,11,wednesday,weekday,18,evening,restaurant
1,11,wednesday,weekday,19,evening,home
1,11,wednesday,weekday,20,evening,home
1,11,wednesday,weekday,21,evening,home
1,11,wednesday,weekday,22,night,home
1,11,wednesday,weekday,23,night,home
1,12,thursday,weekday,0,night,home
1,12,thursday,weekday,1,night,home
1,12,thursday,weekday,2,night,home
1,12,thursday,weekday,3,night,home
1,12,thursday,weekday,4,night,home
1,12,thursday,weekday,5,night,home
1,12,thursday,weekday,6,morning,home
1,12,thursday,weekday,7,morning,home
1,12,thursday,weekday,8,morning,home
1,12,thursday,weekday,9,morning,office
1,12,thursday,weekday,10,morning,office
1,12,thursday,weekday,11,morning,restaurant
1,12,thursday,weekday,12,afternoon,restaurant
1,12,thursday,weekday,13,afternoon,office
1,12,thursday,weekday,14,afternoon,office
1,12,thursday,weekday,15,afternoon,office
1,12,thursday,weekday,16,afternoon,office
1,12,thursday,weekday,17,afternoon,office
1,12,thursday,weekday,18,evening,office
1,12,thursday,weekday,19,evening,home
1,12,thursday,weekday,20,evening,store
1,12,thursday,weekday,21,evening,store
1,12,thursday,weekday,22,night,home
1,12,thursday,weekday,23,night,home
1,13,friday,weekday,0,night,home
1,13,friday,weekday,1,night,home
1,13,friday,weekday,2,night,home
1,13,friday,weekday,3,night,home
1,13,friday,weekday,4,night,home
1,13,friday,weekday,5,night,home
1,13,friday,weekday,6,morning,home
1,13,friday,weekday,7,morning,home
1,13,friday,weekday,8,morning,home
1,13,friday,weekday,9,morning,office
1,13,friday,weekday,10,morning,office
1,13,friday,weekday,11,morning,restaurant
1,13,friday,weekday,12,afternoon,restaurant
1,13,friday,weekday,13,afternoon,campus
1,13,friday,weekday,14,afternoon,campus
1,13,friday,weekday,15,afternoon,campus
1,13,friday,weekday,16,afternoon,campus
1,13,friday,weekday,17,afternoon,campus
1,13,friday,weekday,18,evening,restaurant
1,13,friday,weekday,19,evening,home
1,13,friday,weekday,20,evening,home
1,13,friday,weekday,21,evening,home
1,13,friday,weekday,22,night,home
1,13,friday,weekday,23,night,home
1,14,saturday,weekend,0,night,home
1,14,saturday,weekend,1,night,home
1,14,saturday,weekend,2,night,home
1,14,saturday,weekend,3,night,home
1,14,saturday,weekend,4,night,home
1,14,saturday,weekend,5,night,home
1,14,saturday,weekend,6,morning,home
1,14,saturday,weekend,7,morning,home
1,14,saturday,weekend,8,morning,home
1,14,saturday,weekend,9,morning,home
1,14,saturday,weekend,10,morning,home
1,14,saturday,weekend,11,morning,home
1,14,saturday,weekend,12,afternoon,restaurant
1,14,saturday,weekend,13,afternoon,restaurant
1,14,saturday,weekend,14,afternoon,home
1,14,saturday,weekend,15,afternoon,home
1,14,saturday,weekend,16,afternoon,home
1,14,saturday,weekend,17,afternoon,appointment
1,14,saturday,weekend,18,evening,appointment
1,14,saturday,weekend,19,evening,store
1,14,saturday,weekend,20,evening,restaurant
1,14,saturday,weekend,21,evening,home
1,14,saturday,weekend,22,night,home
1,14,saturday,weekend,23,night,home
1,15,sunday,weekend,0,night,home
1,15,sunday,weekend,1,night,home
1,15,sunday,weekend,2,night,home
1,15,sunday,weekend,3,night,home
1,15,sunday,weekend,4,night,home
1,15,sunday,weekend,5,night,home
1,15,sunday,weekend,6,morning,home
1,15,sunday,weekend,7,morning,home
1,15,sunday,weekend,8,morning,home
1,15,sunday,weekend,9,morning,home
1,15,sunday,weekend,10,morning,home
1,15,sunday,weekend,11,morning,home
1,15,sunday,weekend,12,afternoon,restaurant
1,15,sunday,weekend,13,afternoon,restaurant
1,15,sunday,weekend,14,afternoon,home
1,15,sunday,weekend,15,afternoon,home
1,15,sunday,weekend,16,afternoon,home
1,15,sunday,weekend,17,afternoon,home
1,15,sunday,weekend,18,evening,store
1,15,sunday,weekend,19,evening,restaurant
1,15,sunday,weekend,20,evening,home
1,15,sunday,weekend,21,evening,home
1,15,sunday,weekend,22,night,home
1,15,sunday,weekend,23,night,home
1,16,monday,weekday,0,night,home
1,16,monday,weekday,1,night,home
1,16,monday,weekday,2,night,home
1,16,monday,weekday,3,night,home
1,16,monday,weekday,4,night,home
1,16,monday,weekday,5,night,home
1,16,monday,weekday,6,morning,home
1,16,monday,weekday,7,morning,home
1,16,monday,weekday,8,morning,home
1,16,monday,weekday,9,morning,office
1,16,monday,weekday,10,morning,office
1,16,monday,weekday,11,morning,restaurant
1,16,monday,weekday,12,afternoon,office
1,16,monday,weekday,13,afternoon,office
1,16,monday,weekday,14,afternoon,office
1,16,monday,weekday,15,afternoon,office
1,16,monday,weekday,16,afternoon,office
1,16,monday,weekday,17,afternoon,office
1,16,monday,weekday,18,evening,home
1,16,monday,weekday,19,evening,home
1,16,monday,weekday,20,evening,home
1,16,monday,weekday,21,evening,home
1,16,monday,weekday,22,night,home
1,16,monday,weekday,23,night,home
1,17,tuesday,weekday,0,night,home
1,17,tuesday,weekday,1,night,home
1,17,tuesday,weekday,2,night,home
1,17,tuesday,weekday,3,night,home
1,17,tuesday,weekday,4,night,home
1,17,tuesday,weekday,5,night,home
1,17,tuesday,weekday,6,morning,home
1,17,tuesday,weekday,7,morning,home
1,17,tuesday,weekday,8,morning,home
1,17,tuesday,weekday,9,morning,home
1,17,tuesday,weekday,10,morning,office
1,17,tuesday,weekday,11,morning,restaurant
1,17,tuesday,weekday,12,afternoon,restaurant
1,17,tuesday,weekday,13,afternoon,office
1,17,tuesday,weekday,14,afternoon,office
1,17,tuesday,weekday,15,afternoon,office
1,17,tuesday,weekday,16,afternoon,office
1,17,tuesday,weekday,17,afternoon,office
1,17,tuesday,weekday,18,evening,store
1,17,tuesday,weekday,19,evening,home
1,17,tuesday,weekday,20,evening,home
1,17,tuesday,weekday,21,evening,home
1,17,tuesday,weekday,22,night,home
1,17,tuesday,weekday,23,night,home
1,18,wednesday,weekday,0,night,home
1,18,wednesday,weekday,1,night,home
1,18,wednesday,weekday,2,night,home
1,18,wednesday,weekday,3,night,home
1,18,wednesday,weekday,4,night,home
1,18,wednesday,weekday,5,night,home
1,18,wednesday,weekday,6,morning,home
1,18,wednesday,weekday,7,morning,home
1,18,wednesday,weekday,8,morning,home
1,18,wednesday,weekday,9,morning,office
1,18,wednesday,weekday,10,morning,office
1,18,wednesday,weekday,11,morning,restaurant
1,18,wednesday,weekday,12,afternoon,office
1,18,wednesday,weekday,13,afternoon,office
1,18,wednesday,weekday,14,afternoon,campus
1,18,wednesday,weekday,15,afternoon,campus
1,18,wednesday,weekday,16,afternoon,campus
1,18,wednesday,weekday,17,afternoon,home
1,18,wednesday,weekday,18,evening,home
1,18,wednesday,weekday,19,evening,home
1,18,wednesday,weekday,20,evening,home
1,18,wednesday,weekday,21,evening,home
1,18,wednesday,weekday,22,night,home
1,18,wednesday,weekday,23,night,home
1,19,thursday,weekday,0,night,home
1,19,thursday,weekday,1,night,home
1,19,thursday,weekday,2,night,home
1,19,thursday,weekday,3,night,home
1,19,thursday,weekday,4,night,home
1,19,thursday,weekday,5,night,home
1,19,thursday,weekday,6,morning,home
1,19,thursday,weekday,7,morning,home
1,19,thursday,weekday,8,morning,home
1,19,thursday,weekday,9,morning,office
1,19,thursday,weekday,10,morning,office
1,19,thursday,weekday,11,morning,office
1,19,thursday,weekday,12,afternoon,office
1,19,thursday,weekday,13,afternoon,office
1,19,thursday,weekday,14,afternoon,office
1,19,thursday,weekday,15,afternoon,office
1,19,thursday,weekday,16,afternoon,office
1,19,thursday,weekday,17,afternoon,office
1,19,thursday,weekday,18,evening,office
1,19,thursday,weekday,19,evening,home
1,19,thursday,weekday,20,evening,home
1,19,thursday,weekday,21,evening,home
1,19,thursday,weekday,22,night,home
1,19,thursday,weekday,23,night,home
1,20,friday,weekday,0,night,home
1,20,friday,weekday,1,night,home
1,20,friday,weekday,2,night,home
1,20,friday,weekday,3,night,home
1,20,friday,weekday,4,night,home
1,20,friday,weekday,5,night,home
1,20,friday,weekday,6,morning,home
1,20,friday,weekday,7,morning,home
1,20,friday,weekday,8,morning,home
1,20,friday,weekday,9,morning,campus
1,20,friday,weekday,10,morning,campus
1,20,friday,weekday,11,morning,campus
1,20,friday,weekday,12,afternoon,restaurant
1,20,friday,weekday,13,afternoon,office
1,20,friday,weekday,14,afternoon,office
1,20,friday,weekday,15,afternoon,office
1,20,friday,weekday,16,afternoon,office
1,20,friday,weekday,17,afternoon,office
1,20,friday,weekday,18,evening,store
1,20,friday,weekday,19,evening,store
1,20,friday,weekday,20,evening,restaurant
1,20,friday,weekday,21,evening,home
1,20,friday,weekday,22,night,home
1,20,friday,weekday,23,night,home
1,21,saturday,weekend,0,night,home
1,21,saturday,weekend,1,night,home
1,21,saturday,weekend,2,night,home
1,21,saturday,weekend,3,night,home
1,21,saturday,weekend,4,night,home
1,21,saturday,weekend,5,night,home
1,21,saturday,weekend,6,morning,home
1,21,saturday,weekend,7,morning,home
1,21,saturday,weekend,8,morning,home
1,21,saturday,weekend,9,morning,home
1,21,saturday,weekend,10,morning,home
1,21,saturday,weekend,11,morning,home
1,21,saturday,weekend,12,afternoon,home
1,21,saturday,weekend,13,afternoon,home
1,21,saturday,weekend,14,afternoon,home
1,21,saturday,weekend,15,afternoon,home
1,21,saturday,weekend,16,afternoon,appointment
1,21,saturday,weekend,17,afternoon,appointment
1,21,saturday,weekend,18,evening,restaurant
1,21,saturday,weekend,19,evening,home
1,21,saturday,weekend,20,evening,home
1,21,saturday,weekend,21,evening,home
1,21,saturday,weekend,22,night,home
1,21,saturday,weekend,23,night,home
1,22,sunday,weekend,0,night,home
1,22,sunday,weekend,1,night,home
1,22,sunday,weekend,2,night,home
1,22,sunday,weekend,3,night,home
1,22,sunday,weekend,4,night,home
1,22,sunday,weekend,5,night,home
1,22,sunday,weekend,6,morning,home
1,22,sunday,weekend,7,morning,home
1,22,sunday,weekend,8,morning,home
1,22,sunday,weekend,9,morning,home
1,22,sunday,weekend,10,morning,home
1,22,sunday,weekend,11,morning,home
1,22,sunday,weekend,12,afternoon,home
1,22,sunday,weekend,13,afternoon,home
1,22,sunday,weekend,14,afternoon,home
1,22,sunday,weekend,15,afternoon,home
1,22,sunday,weekend,16,afternoon,home
1,22,sunday,weekend,17,afternoon,home
1,22,sunday,weekend,18,evening,home
1,22,sunday,weekend,19,evening,home
1,22,sunday,weekend,20,evening,home
1,22,sunday,weekend,21,evening,home
1,22,sunday,weekend,22,night,home
1,22,sunday,weekend,23,night,home
1,23,monday,weekday,0,night,home
1,23,monday,weekday,1,night,home
1,23,monday,weekday,2,night,home
1,23,monday,weekday,3,night,home
1,23,monday,weekday,4,night,home
1,23,monday,weekday,5,night,home
1,23,monday,weekday,6,morning,home
1,23,monday,weekday,7,morning,home
1,23,monday,weekday,8,morning,campus
1,23,monday,weekday,9,morning,campus
1,23,monday,weekday,10,morning,office
1,23,monday,weekday,11,morning,office
1,23,monday,weekday,12,afternoon,office
1,23,monday,weekday,13,afternoon,office
1,23,monday,weekday,14,afternoon,office
1,23,monday,weekday,15,afternoon,office
1,23,monday,weekday,16,afternoon,office
1,23,monday,weekday,17,afternoon,office
1,23,monday,weekday,18,evening,office
1,23,monday,weekday,19,evening,store
1,23,monday,weekday,20,evening,home
1,23,monday,weekday,21,evening,home
1,23,monday,weekday,22,night,home
1,23,monday,weekday,23,night,home
1,24,tuesday,weekday,0,night,home
1,24,tuesday,weekday,1,night,home
1,24,tuesday,weekday,2,night,home
1,24,tuesday,weekday,3,night,home
1,24,tuesday,weekday,4,night,home
1,24,tuesday,weekday,5,night,home
1,24,tuesday,weekday,6,morning,home
1,24,tuesday,weekday,7,morning,home
1,24,tuesday,weekday,8,morning,home
1,24,tuesday,weekday,9,morning,office
1,24,tuesday,weekday,10,morning,office
1,24,tuesday,weekday,11,morning,office
1,24,tuesday,weekday,12,afternoon,restaurant
1,24,tuesday,weekday,13,afternoon,office
1,24,tuesday,weekday,14,afternoon,office
1,24,tuesday,weekday,15,afternoon,office
1,24,tuesday,weekday,16,afternoon,office
1,24,tuesday,weekday,17,afternoon,office
1,24,tuesday,weekday,18,evening,home
1,24,tuesday,weekday,19,evening,home
1,24,tuesday,weekday,20,evening,home
1,24,tuesday,weekday,21,evening,home
1,24,tuesday,weekday,22,night,home
1,24,tuesday,weekday,23,night,home
1,25,wednesday,weekday,0,night,home
1,25,wednesday,weekday,1,night,home
1,25,wednesday,weekday,2,night,home
1,25,wednesday,weekday,3,night,home
1,25,wednesday,weekday,4,night,home
1,25,wednesday,weekday,5,night,home
1,25,wednesday,weekday,6,morning,home
1,25,wednesday,weekday,7,morning,home
1,25,wednesday,weekday,8,morning,home
1,25,wednesday,weekday,9,morning,office
1,25,wednesday,weekday,10,morning,office
1,25,wednesday,weekday,11,morning,office
1,25,wednesday,weekday,12,afternoon,restaurant
1,25,wednesday,weekday,13,afternoon,office
1,25,wednesday,weekday,14,afternoon,office
1,25,wednesday,weekday,15,afternoon,office
1,25,wednesday,weekday,16,afternoon,office
1,25,wednesday,weekday,17,afternoon,office
1,25,wednesday,weekday,18,evening,office
1,25,wednesday,weekday,19,evening,store
1,25,wednesday,weekday,20,evening,home
1,25,wednesday,weekday,21,evening,home
1,25,wednesday,weekday,22,night,home
1,25,wednesday,weekday,23,night,home
1,26,thursday,weekday,0,night,home
1,26,thursday,weekday,1,night,home
1,26,thursday,weekday,2,night,home
1,26,thursday,weekday,3,night,home
1,26,thursday,weekday,4,night,home
1,26,thursday,weekday,5,night,home
1,26,thursday,weekday,6,morning,home
1,26,thursday,weekday,7,morning,home
1,26,thursday,weekday,8,morning,home
1,26,thursday,weekday,9,morning,office
1,26,thursday,weekday,10,morning,office
1,26,thursday,weekday,11,morning,office
1,26,thursday,weekday,12,afternoon,office
1,26,thursday,weekday,13,afternoon,campus
1,26,thursday,weekday,14,afternoon,campus
1,26,thursday,weekday,15,afternoon,campus
1,26,thursday,weekday,16,afternoon,campus
1,26,thursday,weekday,17,afternoon,store
1,26,thursday,weekday,18,evening,home
1,26,thursday,weekday,19,evening,home
1,26,thursday,weekday,20,evening,home
1,26,thursday,weekday,21,evening,home
1,26,thursday,weekday,22,night,home
1,26,thursday,weekday,23,night,home
1,27,friday,weekday,0,night,home
1,27,friday,weekday,1,night,home
1,27,friday,weekday,2,night,home
1,27,friday,weekday,3,night,home
1,27,friday,weekday,4,night,home
1,27,friday,weekday,5,night,home
1,27,friday,weekday,6,morning,home
1,27,friday,weekday,7,morning,home
1,27,friday,weekday,8,morning,home
1,27,friday,weekday,9,morning,office
1,27,friday,weekday,10,morning,office
1,27,friday,weekday,11,morning,restaurant
1,27,friday,weekday,12,afternoon,restaurant
1,27,friday,weekday,13,afternoon,office
1,27,friday,weekday,14,afternoon,office
1,27,friday,weekday,15,afternoon,office
1,27,friday,weekday,16,afternoon,office
1,27,friday,weekday,17,afternoon,office
1,27,friday,weekday,18,evening,home
1,27,friday,weekday,19,evening,home
1,27,friday,weekday,20,evening,home
1,27,friday,weekday,21,evening,store
1,27,friday,weekday,22,night,home
1,27,friday,weekday,23,night,home
1,28,saturday,weekend,0,night,home
1,28,saturday,weekend,1,night,home
1,28,saturday,weekend,2,night,home
1,28,saturday,weekend,3,night,home
1,28,saturday,weekend,4,night,home
1,28,saturday,weekend,5,night,home
1,28,saturday,weekend,6,morning,home
1,28,saturday,weekend,7,morning,home
1,28,saturday,weekend,8,morning,home
1,28,saturday,weekend,9,morning,home
1,28,saturday,weekend,10,morning,home
1,28,saturday,weekend,11,morning,home
1,28,saturday,weekend,12,afternoon,home
1,28,saturday,weekend,13,afternoon,home
1,28,saturday,weekend,14,afternoon,home
1,28,saturday,weekend,15,afternoon,home
1,28,saturday,weekend,16,afternoon,home
1,28,saturday,weekend,17,afternoon,home
1,28,saturday,weekend,18,evening,home
1,28,saturday,weekend,19,evening,home
1,28,saturday,weekend,20,evening,home
1,28,saturday,weekend,21,evening,home
1,28,saturday,weekend,22,night,home
1,28,saturday,weekend,23,night,home
1,29,sunday,weekend,0,night,home
1,29,sunday,weekend,1,night,home
1,29,sunday,weekend,2,night,home
1,29,sunday,weekend,3,night,home
1,29,sunday,weekend,4,night,home
1,29,sunday,weekend,5,night,home
1,29,sunday,weekend,6,morning,home
1,29,sunday,weekend,7,morning,home
1,29,sunday,weekend,8,morning,home
1,29,sunday,weekend,9,morning,home
1,29,sunday,weekend,10,morning,home
1,29,sunday,weekend,11,morning,home
1,29,sunday,weekend,12,afternoon,home
1,29,sunday,weekend,13,afternoon,home
1,29,sunday,weekend,14,afternoon,home
1,29,sunday,weekend,15,afternoon,home
1,29,sunday,weekend,16,afternoon,home
1,29,sunday,weekend,17,afternoon,home
1,29,sunday,weekend,18,evening,store
1,29,sunday,weekend,19,evening,store
1,29,sunday,weekend,20,evening,restaurant
1,29,sunday,weekend,21,evening,home
1,29,sunday,weekend,22,night,home
1,29,sunday,weekend,23,night,home
1,30,monday,weekday,0,night,home
1,30,monday,weekday,1,night,home
1,30,monday,weekday,2,night,home
1,30,monday,weekday,3,night,home
1,30,monday,weekday,4,night,home
1,30,monday,weekday,5,night,home
1,30,monday,weekday,6,morning,home
1,30,monday,weekday,7,morning,home
1,30,monday,weekday,8,morning,home
1,30,monday,weekday,9,morning,home
1,30,monday,weekday,10,morning,home
1,30,monday,weekday,11,morning,home
1,30,monday,weekday,12,afternoon,home
1,30,monday,weekday,13,afternoon,home
1,30,monday,weekday,14,afternoon,home
1,30,monday,weekday,15,afternoon,home
1,30,monday,weekday,16,afternoon,home
1,30,monday,weekday,17,afternoon,home
1,30,monday,weekday,18,evening,store
1,30,monday,weekday,19,evening,home
1,30,monday,weekday,20,evening,home
1,30,monday,weekday,21,evening,home
1,30,monday,weekday,22,night,home
1,30,monday,weekday,23,night,home
1,31,tuesday,weekday,0,night,home
1,31,tuesday,weekday,1,night,home
1,31,tuesday,weekday,2,night,home
1,31,tuesday,weekday,3,night,home
1,31,tuesday,weekday,4,night,home
1,31,tuesday,weekday,5,night,home
1,31,tuesday,weekday,6,morning,home
1,31,tuesday,weekday,7,morning,home
1,31,tuesday,weekday,8,morning,home
1,31,tuesday,weekday,9,morning,home
1,31,tuesday,weekday,10,morning,home
1,31,tuesday,weekday,11,morning,home
1,31,tuesday,weekday,12,afternoon,home
1,31,tuesday,weekday,13,afternoon,home
1,31,tuesday,weekday,14,afternoon,home
1,31,tuesday,weekday,15,afternoon,home
1,31,tuesday,weekday,16,afternoon,home
1,31,tuesday,weekday,17,afternoon,home
1,31,tuesday,weekday,18,evening,home
1,31,tuesday,weekday,19,evening,home
1,31,tuesday,weekday,20,evening,home
1,31,tuesday,weekday,21,evening,home
1,31,tuesday,weekday,22,night,home
1,31,tuesday,weekday,23,night,home
2,1,wednesday,weekday,0,night,home
2,1,wednesday,weekday,1,night,home
2,1,wednesday,weekday,2,night,home
2,1,wednesday,weekday,3,night,home
2,1,wednesday,weekday,4,night,home
2,1,wednesday,weekday,5,night,home
2,1,wednesday,weekday,6,morning,home
2,1,wednesday,weekday,7,morning,home
2,1,wednesday,weekday,8,morning,home
2,1,wednesday,weekday,9,morning,office
2,1,wednesday,weekday,10,morning,office
2,1,wednesday,weekday,11,morning,restaurant
2,1,wednesday,weekday,12,afternoon,office
2,1,wednesday,weekday,13,afternoon,office
2,1,wednesday,weekday,14,afternoon,campus
2,1,wednesday,weekday,15,afternoon,campus
2,1,wednesday,weekday,16,afternoon,campus
2,1,wednesday,weekday,17,afternoon,home
2,1,wednesday,weekday,18,evening,home
2,1,wednesday,weekday,19,evening,home
2,1,wednesday,weekday,20,evening,home
2,1,wednesday,weekday,21,evening,home
2,1,wednesday,weekday,22,night,home
2,1,wednesday,weekday,23,night,home
2,2,thursday,weekday,0,night,home
2,2,thursday,weekday,1,night,home
2,2,thursday,weekday,2,night,home
2,2,thursday,weekday,3,night,home
2,2,thursday,weekday,4,night,home
2,2,thursday,weekday,5,night,home
2,2,thursday,weekday,6,morning,home
2,2,thursday,weekday,7,morning,home
2,2,thursday,weekday,8,morning,home
2,2,thursday,weekday,9,morning,home
2,2,thursday,weekday,10,morning,home
2,2,thursday,weekday,11,morning,home
2,2,thursday,weekday,12,afternoon,restaurant
2,2,thursday,weekday,13,afternoon,campus
2,2,thursday,weekday,14,afternoon,campus
2,2,thursday,weekday,15,afternoon,campus
2,2,thursday,weekday,16,afternoon,campus
2,2,thursday,weekday,17,afternoon,home
2,2,thursday,weekday,18,evening,home
2,2,thursday,weekday,19,evening,home
2,2,thursday,weekday,20,evening,home
2,2,thursday,weekday,21,evening,home
2,2,thursday,weekday,22,night,home
2,2,thursday,weekday,23,night,home
2,3,friday,weekday,0,night,home
2,3,friday,weekday,1,night,home
2,3,friday,weekday,2,night,home
2,3,friday,weekday,3,night,home
2,3,friday,weekday,4,night,home
2,3,friday,weekday,5,night,home
2,3,friday,weekday,6,morning,home
2,3,friday,weekday,7,morning,home
2,3,friday,weekday,8,morning,office
2,3,friday,weekday,9,morning,office
2,3,friday,weekday,10,morning,office
2,3,friday,weekday,11,morning,restaurant
2,3,friday,weekday,12,afternoon,office
2,3,friday,weekday,13,afternoon,office
2,3,friday,weekday,14,afternoon,office
2,3,friday,weekday,15,afternoon,office
2,3,friday,weekday,16,afternoon,office
2,3,friday,weekday,17,afternoon,office
2,3,friday,weekday,18,evening,home
2,3,friday,weekday,19,evening,home
2,3,friday,weekday,20,evening,store
2,3,friday,weekday,21,evening,store
2,3,friday,weekday,22,night,home
2,3,friday,weekday,23,night,home
2,4,saturday,weekend,0,night,home
2,4,saturday,weekend,1,night,home
2,4,saturday,weekend,2,night,home
2,4,saturday,weekend,3,night,home
2,4,saturday,weekend,4,night,home
2,4,saturday,weekend,5,night,home
2,4,saturday,weekend,6,morning,home
2,4,saturday,weekend,7,morning,home
2,4,saturday,weekend,8,morning,home
2,4,saturday,weekend,9,morning,home
2,4,saturday,weekend,10,morning,home
2,4,saturday,weekend,11,morning,home
2,4,saturday,weekend,12,afternoon,home
2,4,saturday,weekend,13,afternoon,home
2,4,saturday,weekend,14,afternoon,home
2,4,saturday,weekend,15,afternoon,home
2,4,saturday,weekend,16,afternoon,home
2,4,saturday,weekend,17,afternoon,home
2,4,saturday,weekend,18,evening,home
2,4,saturday,weekend,19,evening,home
2,4,saturday,weekend,20,evening,store
2,4,saturday,weekend,21,evening,home
2,4,saturday,weekend,22,night,home
2,4,saturday,weekend,23,night,home
2,5,sunday,weekend,0,night,home
2,5,sunday,weekend,1,night,home
2,5,sunday,weekend,2,night,home
2,5,sunday,weekend,3,night,home
2,5,sunday,weekend,4,night,home
2,5,sunday,weekend,5,night,home
2,5,sunday,weekend,6,morning,home
2,5,sunday,weekend,7,morning,home
2,5,sunday,weekend,8,morning,home
2,5,sunday,weekend,9,morning,home
2,5,sunday,weekend,10,morning,home
2,5,sunday,weekend,11,morning,home
2,5,sunday,weekend,12,afternoon,home
2,5,sunday,weekend,13,afternoon,home
2,5,sunday,weekend,14,afternoon,home
2,5,sunday,weekend,15,afternoon,home
2,5,sunday,weekend,16,afternoon,home
2,5,sunday,weekend,17,afternoon,home
2,5,sunday,weekend,18,evening,home
2,5,sunday,weekend,19,evening,home
2,5,sunday,weekend,20,evening,home
2,5,sunday,weekend,21,evening,home
2,5,sunday,weekend,22,night,home
2,5,sunday,weekend,23,night,home
2,6,monday,weekday,0,night,home
2,6,monday,weekday,1,night,home
2,6,monday,weekday,2,night,home
2,6,monday,weekday,3,night,home
2,6,monday,weekday,4,night,home
2,6,monday,weekday,5,night,home
2,6,monday,weekday,6,morning,home
2,6,monday,weekday,7,morning,home
2,6,monday,weekday,8,morning,home
2,6,monday,weekday,9,morning,office
2,6,monday,weekday,10,morning,office
2,6,monday,weekday,11,morning,office
2,6,monday,weekday,12,afternoon,office
2,6,monday,weekday,13,afternoon,office
2,6,monday,weekday,14,afternoon,office
2,6,monday,weekday,15,afternoon,office
2,6,monday,weekday,16,afternoon,office
2,6,monday,weekday,17,afternoon,office
2,6,monday,weekday,18,evening,store
2,6,monday,weekday,19,evening,home
2,6,monday,weekday,20,evening,home
2,6,monday,weekday,21,evening,home
2,6,monday,weekday,22,night,home
2,6,monday,weekday,23,night,home
2,7,tuesday,weekday,0,night,home
2,7,tuesday,weekday,1,night,home
2,7,tuesday,weekday,2,night,home
2,7,tuesday,weekday,3,night,home
2,7,tuesday,weekday,4,night,home
2,7,tuesday,weekday,5,night,home
2,7,tuesday,weekday,6,morning,home
2,7,tuesday,weekday,7,morning,home
2,7,tuesday,weekday,8,morning,home
2,7,tuesday,weekday,9,morning,office
2,7,tuesday,weekday,10,morning,office
2,7,tuesday,weekday,11,morning,office
2,7,tuesday,weekday,12,afternoon,office
2,7,tuesday,weekday,13,afternoon,office
2,7,tuesday,weekday,14,afternoon,office
2,7,tuesday,weekday,15,afternoon,office
2,7,tuesday,weekday,16,afternoon,office
2,7,tuesday,weekday,17,afternoon,office
2,7,tuesday,weekday,18,evening,home
2,7,tuesday,weekday,19,evening,home
2,7,tuesday,weekday,20,evening,home
2,7,tuesday,weekday,21,evening,home
2,7,tuesday,weekday,22,night,home
2,7,tuesday,weekday,23,night,home
2,8,wednesday,weekday,0,night,home
2,8,wednesday,weekday,1,night,home
2,8,wednesday,weekday,2,night,home
2,8,wednesday,weekday,3,night,home
2,8,wednesday,weekday,4,night,home
2,8,wednesday,weekday,5,night,home
2,8,wednesday,weekday,6,morning,home
2,8,wednesday,weekday,7,morning,home
2,8,wednesday,weekday,8,morning,home
2,8,wednesday,weekday,9,morning,office
2,8,wednesday,weekday,10,morning,campus
2,8,wednesday,weekday,11,morning,campus
2,8,wednesday,weekday,12,afternoon,restaurant
2,8,wednesday,weekday,13,afternoon,office
2,8,wednesday,weekday,14,afternoon,office
2,8,wednesday,weekday,15,afternoon,office
2,8,wednesday,weekday,16,afternoon,office
2,8,wednesday,weekday,17,afternoon,office
2,8,wednesday,weekday,18,evening,office
2,8,wednesday,weekday,19,evening,home
2,8,wednesday,weekday,20,evening,home
2,8,wednesday,weekday,21,evening,home
2,8,wednesday,weekday,22,night,home
2,8,wednesday,weekday,23,night,home
2,9,thursday,weekday,0,night,home
2,9,thursday,weekday,1,night,home
2,9,thursday,weekday,2,night,home
2,9,thursday,weekday,3,night,home
2,9,thursday,weekday,4,night,home
2,9,thursday,weekday,5,night,home
2,9,thursday,weekday,6,morning,home
2,9,thursday,weekday,7,morning,home
2,9,thursday,weekday,8,morning,home
2,9,thursday,weekday,9,morning,office
2,9,thursday,weekday,10,morning,office
2,9,thursday,weekday,11,morning,restaurant
2,9,thursday,weekday,12,afternoon,office
2,9,thursday,weekday,13,afternoon,office
2,9,thursday,weekday,14,afternoon,campus
2,9,thursday,weekday,15,afternoon,campus
2,9,thursday,weekday,16,afternoon,home
2,9,thursday,weekday,17,afternoon,home
2,9,thursday,weekday,18,evening,home
2,9,thursday,weekday,19,evening,home
2,9,thursday,weekday,20,evening,home
2,9,thursday,weekday,21,evening,home
2,9,thursday,weekday,22,night,home
2,9,thursday,weekday,23,night,home
2,10,friday,weekday,0,night,home
2,10,friday,weekday,1,night,home
2,10,friday,weekday,2,night,home
2,10,friday,weekday,3,night,home
2,10,friday,weekday,4,night,home
2,10,friday,weekday,5,night,home
2,10,friday,weekday,6,morning,home
2,10,friday,weekday,7,morning,home
2,10,friday,weekday,8,morning,home
2,10,friday,weekday,9,morning,office
2,10,friday,weekday,10,morning,office
2,10,friday,weekday,11,morning,restaurant
2,10,friday,weekday,12,afternoon,office
2,10,friday,weekday,13,afternoon,office
2,10,friday,weekday,14,afternoon,appointment
2,10,friday,weekday,15,afternoon,home
2,10,friday,weekday,16,afternoon,home
2,10,friday,weekday,17,afternoon,home
2,10,friday,weekday,18,evening,home
2,10,friday,weekday,19,evening,home
2,10,friday,weekday,20,evening,home
2,10,friday,weekday,21,evening,home
2,10,friday,weekday,22,night,home
2,10,friday,weekday,23,night,home
2,11,saturday,weekend,0,night,home
2,11,saturday,weekend,1,night,home
2,11,saturday,weekend,2,night,home
2,11,saturday,weekend,3,night,home
2,11,saturday,weekend,4,night,home
2,11,saturday,weekend,5,night,home
2,11,saturday,weekend,6,morning,home
2,11,saturday,weekend,7,morning,home
2,11,saturday,weekend,8,morning,home
2,11,saturday,weekend,9,morning,home
2,11,saturday,weekend,10,morning,home
2,11,saturday,weekend,11,morning,home
2,11,saturday,weekend,12,afternoon,home
2,11,saturday,weekend,13,afternoon,home
2,11,saturday,weekend,14,afternoon,home
2,11,saturday,weekend,15,afternoon,home
2,11,saturday,weekend,16,afternoon,home
2,11,saturday,weekend,17,afternoon,store
2,11,saturday,weekend,18,evening,theater
2,11,saturday,weekend,19,evening,theater
2,11,saturday,weekend,20,evening,theater
2,11,saturday,weekend,21,evening,restaurant
2,11,saturday,weekend,22,night,home
2,11,saturday,weekend,23,night,home
2,12,sunday,weekend,0,night,home
2,12,sunday,weekend,1,night,home
2,12,sunday,weekend,2,night,home
2,12,sunday,weekend,3,night,home
2,12,sunday,weekend,4,night,home
2,12,sunday,weekend,5,night,home
2,12,sunday,weekend,6,morning,home
2,12,sunday,weekend,7,morning,home
2,12,sunday,weekend,8,morning,home
2,12,sunday,weekend,9,morning,home
2,12,sunday,weekend,10,morning,home
2,12,sunday,weekend,11,morning,home
2,12,sunday,weekend,12,afternoon,home
2,12,sunday,weekend,13,afternoon,home
2,12,sunday,weekend,14,afternoon,home
2,12,sunday,weekend,15,afternoon,home
2,12,sunday,weekend,16,afternoon,home
2,12,sunday,weekend,17,afternoon,home
2,12,sunday,weekend,18,evening,home
2,12,sunday,weekend,19,evening,home
2,12,sunday,weekend,20,evening,home
2,12,sunday,weekend,21,evening,home
2,12,sunday,weekend,22,night,home
2,12,sunday,weekend,23,night,home
2,13,monday,weekday,0,night,home
2,13,monday,weekday,1,night,home
2,13,monday,weekday,2,night,home
2,13,monday,weekday,3,night,home
2,13,monday,weekday,4,night,home
2,13,monday,weekday,5,night,home
2,13,monday,weekday,6,morning,home
2,13,monday,weekday,7,morning,home
2,13,monday,weekday,8,morning,campus
2,13,monday,weekday,9,morning,campus
2,13,monday,weekday,10,morning,office
2,13,monday,weekday,11,morning,restaurant
2,13,monday,weekday,12,afternoon,restaurant
2,13,monday,weekday,13,afternoon,office
2,13,monday,weekday,14,afternoon,office
2,13,monday,weekday,15,afternoon,office
2,13,monday,weekday,16,afternoon,office
2,13,monday,weekday,17,afternoon,office
2,13,monday,weekday,18,evening,home
2,13,monday,weekday,19,evening,home
2,13,monday,weekday,20,evening,home
2,13,monday,weekday,21,evening,home
2,13,monday,weekday,22,night,home
2,13,monday,weekday,23,night,home
2,14,tuesday,weekday,0,night,home
2,14,tuesday,weekday,1,night,home
2,14,tuesday,weekday,2,night,home
2,14,tuesday,weekday,3,night,home
2,14,tuesday,weekday,4,night,home
2,14,tuesday,weekday,5,night,home
2,14,tuesday,weekday,6,morning,home
2,14,tuesday,weekday,7,morning,home
2,14,tuesday,weekday,8,morning,home
2,14,tuesday,weekday,9,morning,home
2,14,tuesday,weekday,10,morning,office
2,14,tuesday,weekday,11,morning,office
2,14,tuesday,weekday,12,afternoon,office
2,14,tuesday,weekday,13,afternoon,office
2,14,tuesday,weekday,14,afternoon,office
2,14,tuesday,weekday,15,afternoon,office
2,14,tuesday,weekday,16,afternoon,office
2,14,tuesday,weekday,17,afternoon,office
2,14,tuesday,weekday,18,evening,store
2,14,tuesday,weekday,19,evening,home
2,14,tuesday,weekday,20,evening,home
2,14,tuesday,weekday,21,evening,home
2,14,tuesday,weekday,22,night,home
2,14,tuesday,weekday,23,night,home
2,15,wednesday,weekday,0,night,home
2,15,wednesday,weekday,1,night,home
2,15,wednesday,weekday,2,night,home
2,15,wednesday,weekday,3,night,home
2,15,wednesday,weekday,4,night,home
2,15,wednesday,weekday,5,night,home
2,15,wednesday,weekday,6,morning,home
2,15,wednesday,weekday,7,morning,home
2,15,wednesday,weekday,8,morning,home
2,15,wednesday,weekday,9,morning,home
2,15,wednesday,weekday,10,morning,office
2,15,wednesday,weekday,11,morning,office
2,15,wednesday,weekday,12,afternoon,office
2,15,wednesday,weekday,13,afternoon,office
2,15,wednesday,weekday,14,afternoon,campus
2,15,wednesday,weekday,15,afternoon,campus
2,15,wednesday,weekday,16,afternoon,campus
2,15,wednesday,weekday,17,afternoon,store
2,15,wednesday,weekday,18,evening,home
2,15,wednesday,weekday,19,evening,home
2,15,wednesday,weekday,20,evening,home
2,15,wednesday,weekday,21,evening,home
2,15,wednesday,weekday,22,night,home
2,15,wednesday,weekday,23,night,home
2,16,thursday,weekday,0,night,home
2,16,thursday,weekday,1,night,home
2,16,thursday,weekday,2,night,home
2,16,thursday,weekday,3,night,home
2,16,thursday,weekday,4,night,home
2,16,thursday,weekday,5,night,home
2,16,thursday,weekday,6,morning,home
2,16,thursday,weekday,7,morning,home
2,16,thursday,weekday,8,morning,home
2,16,thursday,weekday,9,morning,office
2,16,thursday,weekday,10,morning,office
2,16,thursday,weekday,11,morning,office
2,16,thursday,weekday,12,afternoon,restaurant
2,16,thursday,weekday,13,afternoon,office
2,16,thursday,weekday,14,afternoon,office
2,16,thursday,weekday,15,afternoon,office
2,16,thursday,weekday,16,afternoon,office
2,16,thursday,weekday,17,afternoon,office
2,16,thursday,weekday,18,evening,office
2,16,thursday,weekday,19,evening,home
2,16,thursday,weekday,20,evening,home
2,16,thursday,weekday,21,evening,home
2,16,thursday,weekday,22,night,home
2,16,thursday,weekday,23,night,home
2,17,friday,weekday,0,night,home
2,17,friday,weekday,1,night,home
2,17,friday,weekday,2,night,home
2,17,friday,weekday,3,night,home
2,17,friday,weekday,4,night,home
2,17,friday,weekday,5,night,home
2,17,friday,weekday,6,morning,home
2,17,friday,weekday,7,morning,home
2,17,friday,weekday,8,morning,home
2,17,friday,weekday,9,morning,home
2,17,friday,weekday,10,morning,office
2,17,friday,weekday,11,morning,office
2,17,friday,weekday,12,afternoon,office
2,17,friday,weekday,13,afternoon,office
2,17,friday,weekday,14,afternoon,office
2,17,friday,weekday,15,afternoon,office
2,17,friday,weekday,16,afternoon,office
2,17,friday,weekday,17,afternoon,home
2,17,friday,weekday,18,evening,store
2,17,friday,weekday,19,evening,store
2,17,friday,weekday,20,evening,store
2,17,friday,weekday,21,evening,restaurant
2,17,friday,weekday,22,night,restaurant
2,17,friday,weekday,23,night,home
2,18,saturday,weekend,0,night,home
2,18,saturday,weekend,1,night,home
2,18,saturday,weekend,2,night,home
2,18,saturday,weekend,3,night,home
2,18,saturday,weekend,4,night,home
2,18,saturday,weekend,5,night,home
2,18,saturday,weekend,6,morning,home
2,18,saturday,weekend,7,morning,home
2,18,saturday,weekend,8,morning,home
2,18,saturday,weekend,9,morning,home
2,18,saturday,weekend,10,morning,home
2,18,saturday,weekend,11,morning,home
2,18,saturday,weekend,12,afternoon,home
2,18,saturday,weekend,13,afternoon,home
2,18,saturday,weekend,14,afternoon,home
2,18,saturday,weekend,15,afternoon,home
2,18,saturday,weekend,16,afternoon,home
2,18,saturday,weekend,17,afternoon,store
2,18,saturday,weekend,18,evening,restaurant
2,18,saturday,weekend,19,evening,home
2,18,saturday,weekend,20,evening,home
2,18,saturday,weekend,21,evening,home
2,18,saturday,weekend,22,night,home
2,18,saturday,weekend,23,night,home
2,19,sunday,weekend,0,night,home
2,19,sunday,weekend,1,night,home
2,19,sunday,weekend,2,night,home
2,19,sunday,weekend,3,night,home
2,19,sunday,weekend,4,night,home
2,19,sunday,weekend,5,night,home
2,19,sunday,weekend,6,morning,home
2,19,sunday,weekend,7,morning,home
2,19,sunday,weekend,8,morning,home
2,19,sunday,weekend,9,morning,home
2,19,sunday,weekend,10,morning,home
2,19,sunday,weekend,11,morning,home
2,19,sunday,weekend,12,afternoon,home
2,19,sunday,weekend,13,afternoon,home
2,19,sunday,weekend,14,afternoon,home
2,19,sunday,weekend,15,afternoon,home
2,19,sunday,weekend,16,afternoon,home
2,19,sunday,weekend,17,afternoon,home
2,19,sunday,weekend,18,evening,store
2,19,sunday,weekend,19,evening,store
2,19,sunday,weekend,20,evening,home
2,19,sunday,weekend,21,evening,home
2,19,sunday,weekend,22,night,home
2,19,sunday,weekend,23,night,home
2,20,monday,weekday,0,night,home
2,20,monday,weekday,1,night,home
2,20,monday,weekday,2,night,home
2,20,monday,weekday,3,night,home
2,20,monday,weekday,4,night,home
2,20,monday,weekday,5,night,home
2,20,monday,weekday,6,morning,home
2,20,monday,weekday,7,morning,home
2,20,monday,weekday,8,morning,home
2,20,monday,weekday,9,morning,office
2,20,monday,weekday,10,morning,office
2,20,monday,weekday,11,morning,restaurant
2,20,monday,weekday,12,afternoon,restaurant
2,20,monday,weekday,13,afternoon,office
2,20,monday,weekday,14,afternoon,office
2,20,monday,weekday,15,afternoon,office
2,20,monday,weekday,16,afternoon,office
2,20,monday,weekday,17,afternoon,office
2,20,monday,weekday,18,evening,home
2,20,monday,weekday,19,evening,home
2,20,monday,weekday,20,evening,home
2,20,monday,weekday,21,evening,home
2,20,monday,weekday,22,night,home
2,20,monday,weekday,23,night,home
2,21,tuesday,weekday,0,night,home
2,21,tuesday,weekday,1,night,home
2,21,tuesday,weekday,2,night,home
2,21,tuesday,weekday,3,night,home
2,21,tuesday,weekday,4,night,home
2,21,tuesday,weekday,5,night,home
2,21,tuesday,weekday,6,morning,home
2,21,tuesday,weekday,7,morning,home
2,21,tuesday,weekday,8,morning,home
2,21,tuesday,weekday,9,morning,office
2,21,tuesday,weekday,10,morning,office
2,21,tuesday,weekday,11,morning,office
2,21,tuesday,weekday,12,afternoon,restaurant
2,21,tuesday,weekday,13,afternoon,office
2,21,tuesday,weekday,14,afternoon,office
2,21,tuesday,weekday,15,afternoon,office
2,21,tuesday,weekday,16,afternoon,office
2,21,tuesday,weekday,17,afternoon,office
2,21,tuesday,weekday,18,evening,home
2,21,tuesday,weekday,19,evening,home
2,21,tuesday,weekday,20,evening,home
2,21,tuesday,weekday,21,evening,home
2,21,tuesday,weekday,22,night,home
2,21,tuesday,weekday,23,night,home
2,22,wednesday,weekday,0,night,home
2,22,wednesday,weekday,1,night,home
2,22,wednesday,weekday,2,night,home
2,22,wednesday,weekday,3,night,home
2,22,wednesday,weekday,4,night,home
2,22,wednesday,weekday,5,night,home
2,22,wednesday,weekday,6,morning,home
2,22,wednesday,weekday,7,morning,home
2,22,wednesday,weekday,8,morning,home
2,22,wednesday,weekday,9,morning,office
2,22,wednesday,weekday,10,morning,office
2,22,wednesday,weekday,11,morning,office
2,22,wednesday,weekday,12,afternoon,restaurant
2,22,wednesday,weekday,13,afternoon,office
2,22,wednesday,weekday,14,afternoon,office
2,22,wednesday,weekday,15,afternoon,office
2,22,wednesday,weekday,16,afternoon,office
2,22,wednesday,weekday,17,afternoon,office
2,22,wednesday,weekday,18,evening,office
2,22,wednesday,weekday,19,evening,home
2,22,wednesday,weekday,20,evening,home
2,22,wednesday,weekday,21,evening,home
2,22,wednesday,weekday,22,night,home
2,22,wednesday,weekday,23,night,home
2,23,thursday,weekday,0,night,home
2,23,thursday,weekday,1,night,home
2,23,thursday,weekday,2,night,home
2,23,thursday,weekday,3,night,home
2,23,thursday,weekday,4,night,home
2,23,thursday,weekday,5,night,home
2,23,thursday,weekday,6,morning,home
2,23,thursday,weekday,7,morning,home
2,23,thursday,weekday,8,morning,home
2,23,thursday,weekday,9,morning,campus
2,23,thursday,weekday,10,morning,campus
2,23,thursday,weekday,11,morning,restaurant
2,23,thursday,weekday,12,afternoon,restaurant
2,23,thursday,weekday,13,afternoon,office
2,23,thursday,weekday,14,afternoon,office
2,23,thursday,weekday,15,afternoon,office
2,23,thursday,weekday,16,afternoon,office
2,23,thursday,weekday,17,afternoon,office
2,23,thursday,weekday,18,evening,office
2,23,thursday,weekday,19,evening,home
2,23,thursday,weekday,20,evening,home
2,23,thursday,weekday,21,evening,home
2,23,thursday,weekday,22,night,home
2,23,thursday,weekday,23,night,home
2,24,friday,weekday,0,night,home
2,24,friday,weekday,1,night,home
2,24,friday,weekday,2,night,home
2,24,friday,weekday,3,night,home
2,24,friday,weekday,4,night,home
2,24,friday,weekday,5,night,home
2,24,friday,weekday,6,morning,home
2,24,friday,weekday,7,morning,home
2,24,friday,weekday,8,morning,home
2,24,friday,weekday,9,morning,home
2,24,friday,weekday,10,morning,office
2,24,friday,weekday,11,morning,office
2,24,friday,weekday,12,afternoon,restaurant
2,24,friday,weekday,13,afternoon,office
2,24,friday,weekday,14,afternoon,office
2,24,friday,weekday,15,afternoon,office
2,24,friday,weekday,16,afternoon,office
2,24,friday,weekday,17,afternoon,office
2,24,friday,weekday,18,evening,home
2,24,friday,weekday,19,evening,home
2,24,friday,weekday,20,evening,store
2,24,friday,weekday,21,evening,store
2,24,friday,weekday,22,night,home
2,24,friday,weekday,23,night,home
2,25,saturday,weekend,0,night,home
2,25,saturday,weekend,1,night,home
2,25,saturday,weekend,2,night,home
2,25,saturday,weekend,3,night,home
2,25,saturday,weekend,4,night,home
2,25,saturday,weekend,5,night,home
2,25,saturday,weekend,6,morning,home
2,25,saturday,weekend,7,morning,home
2,25,saturday,weekend,8,morning,home
2,25,saturday,weekend,9,morning,home
2,25,saturday,weekend,10,morning,home
2,25,saturday,weekend,11,morning,home
2,25,saturday,weekend,12,afternoon,home
2,25,saturday,weekend,13,afternoon,home
2,25,saturday,weekend,14,afternoon,home
2,25,saturday,weekend,15,afternoon,home
2,25,saturday,weekend,16,afternoon,home
2,25,saturday,weekend,17,afternoon,home
2,25,saturday,weekend,18,evening,home
2,25,saturday,weekend,19,evening,home
2,25,saturday,weekend,20,evening,home
2,25,saturday,weekend,21,evening,home
2,25,saturday,weekend,22,night,home
2,25,saturday,weekend,23,night,home
2,26,sunday,weekend,0,night,home
2,26,sunday,weekend,1,night,home
2,26,sunday,weekend,2,night,home
2,26,sunday,weekend,3,night,home
2,26,sunday,weekend,4,night,home
2,26,sunday,weekend,5,night,home
2,26,sunday,weekend,6,morning,home
2,26,sunday,weekend,7,morning,home
2,26,sunday,weekend,8,morning,home
2,26,sunday,weekend,9,morning,home
2,26,sunday,weekend,10,morning,home
2,26,sunday,weekend,11,morning,home
2,26,sunday,weekend,12,afternoon,home
2,26,sunday,weekend,13,afternoon,home
2,26,sunday,weekend,14,afternoon,home
2,26,sunday,weekend,15,afternoon,home
2,26,sunday,weekend,16,afternoon,home
2,26,sunday,weekend,17,afternoon,home
2,26,sunday,weekend,18,evening,home
2,26,sunday,weekend,19,evening,home
2,26,sunday,weekend,20,evening,home
2,26,sunday,weekend,21,evening,home
2,26,sunday,weekend,22,night,home
2,26,sunday,weekend,23,night,home
2,27,monday,weekday,0,night,home
2,27,monday,weekday,1,night,home
2,27,monday,weekday,2,night,home
2,27,monday,weekday,3,night,home
2,27,monday,weekday,4,night,home
2,27,monday,weekday,5,night,home
2,27,monday,weekday,6,morning,home
2,27,monday,weekday,7,morning,home
2,27,monday,weekday,8,morning,office
2,27,monday,weekday,9,morning,office
2,27,monday,weekday,10,morning,office
2,27,monday,weekday,11,morning,office
2,27,monday,weekday,12,afternoon,office
2,27,monday,weekday,13,afternoon,office
2,27,monday,weekday,14,afternoon,office
2,27,monday,weekday,15,afternoon,office
2,27,monday,weekday,16,afternoon,office
2,27,monday,weekday,17,afternoon,office
2,27,monday,weekday,18,evening,appointment
2,27,monday,weekday,19,evening,home
2,27,monday,weekday,20,evening,home
2,27,monday,weekday,21,evening,home
2,27,monday,weekday,22,night,home
2,27,monday,weekday,23,night,home
2,28,tuesday,weekday,0,night,home
2,28,tuesday,weekday,1,night,home
2,28,tuesday,weekday,2,night,home
2,28,tuesday,weekday,3,night,home
2,28,tuesday,weekday,4,night,home
2,28,tuesday,weekday,5,night,home
2,28,tuesday,weekday,6,morning,home
2,28,tuesday,weekday,7,morning,home
2,28,tuesday,weekday,8,morning,home
2,28,tuesday,weekday,9,morning,office
2,28,tuesday,weekday,10,morning,office
2,28,tuesday,weekday,11,morning,office
2,28,tuesday,weekday,12,afternoon,office
2,28,tuesday,weekday,13,afternoon,office
2,28,tuesday,weekday,14,afternoon,office
2,28,tuesday,weekday,15,afternoon,office
2,28,tuesday,weekday,16,afternoon,office
2,28,tuesday,weekday,17,afternoon,office
2,28,tuesday,weekday,18,evening,home
2,28,tuesday,weekday,19,evening,home
2,28,tuesday,weekday,20,evening,home
2,28,tuesday,weekday,21,evening,home
2,28,tuesday,weekday,22,night,home
2,28,tuesday,weekday,23,night,home
3,1,wednesday,weekday,0,night,home
3,1,wednesday,weekday,1,night,home
3,1,wednesday,weekday,2,night,home
3,1,wednesday,weekday,3,night,home
3,1,wednesday,weekday,4,night,home
3,1,wednesday,weekday,5,night,home
3,1,wednesday,weekday,6,morning,home
3,1,wednesday,weekday,7,morning,home
3,1,wednesday,weekday,8,morning,home
3,1,wednesday,weekday,9,morning,office
3,1,wednesday,weekday,10,morning,office
3,1,wednesday,weekday,11,morning,office
3,1,wednesday,weekday,12,afternoon,office
3,1,wednesday,weekday,13,afternoon,office
3,1,wednesday,weekday,14,afternoon,office
3,1,wednesday,weekday,15,afternoon,office
3,1,wednesday,weekday,16,afternoon,office
3,1,wednesday,weekday,17,afternoon,office
3,1,wednesday,weekday,18,evening,home
3,1,wednesday,weekday,19,evening,home
3,1,wednesday,weekday,20,evening,home
3,1,wednesday,weekday,21,evening,home
3,1,wednesday,weekday,22,night,home
3,1,wednesday,weekday,23,night,home
3,2,thursday,weekday,0,night,home
3,2,thursday,weekday,1,night,home
3,2,thursday,weekday,2,night,home
3,2,thursday,weekday,3,night,home
3,2,thursday,weekday,4,night,home
3,2,thursday,weekday,5,night,home
3,2,thursday,weekday,6,morning,home
3,2,thursday,weekday,7,morning,home
3,2,thursday,weekday,8,morning,campus
3,2,thursday,weekday,9,morning,campus
3,2,thursday,weekday,10,morning,campus
3,2,thursday,weekday,11,morning,campus
3,2,thursday,weekday,12,afternoon,restaurant
3,2,thursday,weekday,13,afternoon,office
3,2,thursday,weekday,14,afternoon,office
3,2,thursday,weekday,15,afternoon,office
3,2,thursday,weekday,16,afternoon,office
3,2,thursday,weekday,17,afternoon,office
3,2,thursday,weekday,18,evening,home
3,2,thursday,weekday,19,evening,home
3,2,thursday,weekday,20,evening,home
3,2,thursday,weekday,21,evening,home
3,2,thursday,weekday,22,night,home
3,2,thursday,weekday,23,night,home
3,3,friday,weekday,0,night,home
3,3,friday,weekday,1,night,home
3,3,friday,weekday,2,night,home
3,3,friday,weekday,3,night,home
3,3,friday,weekday,4,night,home
3,3,friday,weekday,5,night,home
3,3,friday,weekday,6,morning,home
3,3,friday,weekday,7,morning,home
3,3,friday,weekday,8,morning,home
3,3,friday,weekday,9,morning,office
3,3,friday,weekday,10,morning,office
3,3,friday,weekday,11,morning,restaurant
3,3,friday,weekday,12,afternoon,office
3,3,friday,weekday,13,afternoon,office
3,3,friday,weekday,14,afternoon,office
3,3,friday,weekday,15,afternoon,office
3,3,friday,weekday,16,afternoon,office
3,3,friday,weekday,17,afternoon,office
3,3,friday,weekday,18,evening,home
3,3,friday,weekday,19,evening,home
3,3,friday,weekday,20,evening,home
3,3,friday,weekday,21,evening,home
3,3,friday,weekday,22,night,home
3,3,friday,weekday,23,night,home
3,4,saturday,weekend,0,night,home
3,4,saturday,weekend,1,night,home
3,4,saturday,weekend,2,night,home
3,4,saturday,weekend,3,night,home
3,4,saturday,weekend,4,night,home
3,4,saturday,weekend,5,night,home
3,4,saturday,weekend,6,morning,home
3,4,saturday,weekend,7,morning,home
3,4,saturday,weekend,8,morning,home
3,4,saturday,weekend,9,morning,home
3,4,saturday,weekend,10,morning,home
3,4,saturday,weekend,11,morning,home
3,4,saturday,weekend,12,afternoon,home
3,4,saturday,weekend,13,afternoon,home
3,4,saturday,weekend,14,afternoon,home
3,4,saturday,weekend,15,afternoon,home
3,4,saturday,weekend,16,afternoon,home
3,4,saturday,weekend,17,afternoon,home
3,4,saturday,weekend,18,evening,store
3,4,saturday,weekend,19,evening,home
3,4,saturday,weekend,20,evening,home
3,4,saturday,weekend,21,evening,home
3,4,saturday,weekend,22,night,home
3,4,saturday,weekend,23,night,home
3,5,sunday,weekend,0,night,home
3,5,sunday,weekend,1,night,home
3,5,sunday,weekend,2,night,home
3,5,sunday,weekend,3,night,home
3,5,sunday,weekend,4,night,home
3,5,sunday,weekend,5,night,home
3,5,sunday,weekend,6,morning,home
3,5,sunday,weekend,7,morning,home
3,5,sunday,weekend,8,morning,home
3,5,sunday,weekend,9,morning,home
3,5,sunday,weekend,10,morning,home
3,5,sunday,weekend,11,morning,home
3,5,sunday,weekend,12,afternoon,home
3,5,sunday,weekend,13,afternoon,home
3,5,sunday,weekend,14,afternoon,home
3,5,sunday,weekend,15,afternoon,home
3,5,sunday,weekend,16,afternoon,restaurant
3,5,sunday,weekend,17,afternoon,home
3,5,sunday,weekend,18,evening,home
3,5,sunday,weekend,19,evening,home
3,5,sunday,weekend,20,evening,home
3,5,sunday,weekend,21,evening,home
3,5,sunday,weekend,22,night,home
3,5,sunday,weekend,23,night,home
3,6,monday,weekday,0,night,home
3,6,monday,weekday,1,night,home
3,6,monday,weekday,2,night,home
3,6,monday,weekday,3,night,home
3,6,monday,weekday,4,night,home
3,6,monday,weekday,5,night,home
3,6,monday,weekday,6,morning,home
3,6,monday,weekday,7,morning,home
3,6,monday,weekday,8,morning,home
3,6,monday,weekday,9,morning,office
3,6,monday,weekday,10,morning,office
3,6,monday,weekday,11,morning,office
3,6,monday,weekday,12,afternoon,office
3,6,monday,weekday,13,afternoon,office
3,6,monday,weekday,14,afternoon,office
3,6,monday,weekday,15,afternoon,office
3,6,monday,weekday,16,afternoon,office
3,6,monday,weekday,17,afternoon,office
3,6,monday,weekday,18,evening,home
3,6,monday,weekday,19,evening,home
3,6,monday,weekday,20,evening,home
3,6,monday,weekday,21,evening,home
3,6,monday,weekday,22,night,home
3,6,monday,weekday,23,night,home
3,7,tuesday,weekday,0,night,home
3,7,tuesday,weekday,1,night,home
3,7,tuesday,weekday,2,night,home
3,7,tuesday,weekday,3,night,home
3,7,tuesday,weekday,4,night,home
3,7,tuesday,weekday,5,night,home
3,7,tuesday,weekday,6,morning,home
3,7,tuesday,weekday,7,morning,home
3,7,tuesday,weekday,8,morning,home
3,7,tuesday,weekday,9,morning,office
3,7,tuesday,weekday,10,morning,campus
3,7,tuesday,weekday,11,morning,campus
3,7,tuesday,weekday,12,afternoon,restaurant
3,7,tuesday,weekday,13,afternoon,office
3,7,tuesday,weekday,14,afternoon,office
3,7,tuesday,weekday,15,afternoon,office
3,7,tuesday,weekday,16,afternoon,office
3,7,tuesday,weekday,17,afternoon,office
3,7,tuesday,weekday,18,evening,office
3,7,tuesday,weekday,19,evening,home
3,7,tuesday,weekday,20,evening,home
3,7,tuesday,weekday,21,evening,home
3,7,tuesday,weekday,22,night,home
3,7,tuesday,weekday,23,night,home
3,8,wednesday,weekday,0,night,home
3,8,wednesday,weekday,1,night,home
3,8,wednesday,weekday,2,night,home
3,8,wednesday,weekday,3,night,home
3,8,wednesday,weekday,4,night,home
3,8,wednesday,weekday,5,night,home
3,8,wednesday,weekday,6,morning,home
3,8,wednesday,weekday,7,morning,home
3,8,wednesday,weekday,8,morning,home
3,8,wednesday,weekday,9,morning,office
3,8,wednesday,weekday,10,morning,office
3,8,wednesday,weekday,11,morning,restaurant
3,8,wednesday,weekday,12,afternoon,office
3,8,wednesday,weekday,13,afternoon,office
3,8,wednesday,weekday,14,afternoon,office
3,8,wednesday,weekday,15,afternoon,office
3,8,wednesday,weekday,16,afternoon,office
3,8,wednesday,weekday,17,afternoon,office
3,8,wednesday,weekday,18,evening,office
3,8,wednesday,weekday,19,evening,home
3,8,wednesday,weekday,20,evening,home
3,8,wednesday,weekday,21,evening,home
3,8,wednesday,weekday,22,night,home
3,8,wednesday,weekday,23,night,home
3,9,thursday,weekday,0,night,home
3,9,thursday,weekday,1,night,home
3,9,thursday,weekday,2,night,home
3,9,thursday,weekday,3,night,home
3,9,thursday,weekday,4,night,home
3,9,thursday,weekday,5,night,home
3,9,thursday,weekday,6,morning,home
3,9,thursday,weekday,7,morning,home
3,9,thursday,weekday,8,morning,home
3,9,thursday,weekday,9,morning,home
3,9,thursday,weekday,10,morning,office
3,9,thursday,weekday,11,morning,office
3,9,thursday,weekday,12,afternoon,office
3,9,thursday,weekday,13,afternoon,office
3,9,thursday,weekday,14,afternoon,office
3,9,thursday,weekday,15,afternoon,office
3,9,thursday,weekday,16,afternoon,office
3,9,thursday,weekday,17,afternoon,office
3,9,thursday,weekday,18,evening,home
3,9,thursday,weekday,19,evening,home
3,9,thursday,weekday,20,evening,home
3,9,thursday,weekday,21,evening,home
3,9,thursday,weekday,22,night,home
3,9,thursday,weekday,23,night,home
3,10,friday,weekday,0,night,home
3,10,friday,weekday,1,night,home
3,10,friday,weekday,2,night,home
3,10,friday,weekday,3,night,home
3,10,friday,weekday,4,night,home
3,10,friday,weekday,5,night,home
3,10,friday,weekday,6,morning,home
3,10,friday,weekday,7,morning,home
3,10,friday,weekday,8,morning,home
3,10,friday,weekday,9,morning,office
3,10,friday,weekday,10,morning,office
3,10,friday,weekday,11,morning,office
3,10,friday,weekday,12,afternoon,restaurant
3,10,friday,weekday,13,afternoon,office
3,10,friday,weekday,14,afternoon,office
3,10,friday,weekday,15,afternoon,office
3,10,friday,weekday,16,afternoon,office
3,10,friday,weekday,17,afternoon,office
3,10,friday,weekday,18,evening,home
3,10,friday,weekday,19,evening,home
3,10,friday,weekday,20,evening,home
3,10,friday,weekday,21,evening,home
3,10,friday,weekday,22,night,home
3,10,friday,weekday,23,night,home
3,11,saturday,weekend,0,night,home
3,11,saturday,weekend,1,night,home
3,11,saturday,weekend,2,night,home
3,11,saturday,weekend,3,night,home
3,11,saturday,weekend,4,night,home
3,11,saturday,weekend,5,night,home
3,11,saturday,weekend,6,morning,home
3,11,saturday,weekend,7,morning,home
3,11,saturday,weekend,8,morning,home
3,11,saturday,weekend,9,morning,home
3,11,saturday,weekend,10,morning,home
3,11,saturday,weekend,11,morning,home
3,11,saturday,weekend,12,afternoon,home
3,11,saturday,weekend,13,afternoon,home
3,11,saturday,weekend,14,afternoon,home
3,11,saturday,weekend,15,afternoon,home
3,11,saturday,weekend,16,afternoon,home
3,11,saturday,weekend,17,afternoon,home
3,11,saturday,weekend,18,evening,store
3,11,saturday,weekend,19,evening,store
3,11,saturday,weekend,20,evening,home
3,11,saturday,weekend,21,evening,home
3,11,saturday,weekend,22,night,home
3,11,saturday,weekend,23,night,home
3,12,sunday,weekend,0,night,home
3,12,sunday,weekend,1,night,home
3,12,sunday,weekend,2,night,home
3,12,sunday,weekend,3,night,home
3,12,sunday,weekend,4,night,home
3,12,sunday,weekend,5,night,home
3,12,sunday,weekend,6,morning,home
3,12,sunday,weekend,7,morning,home
3,12,sunday,weekend,8,morning,home
3,12,sunday,weekend,9,morning,home
3,12,sunday,weekend,10,morning,home
3,12,sunday,weekend,11,morning,home
3,12,sunday,weekend,12,afternoon,home
3,12,sunday,weekend,13,afternoon,restaurant
3,12,sunday,weekend,14,afternoon,home
3,12,sunday,weekend,15,afternoon,home
3,12,sunday,weekend,16,afternoon,home
3,12,sunday,weekend,17,afternoon,home
3,12,sunday,weekend,18,evening,home
3,12,sunday,weekend,19,evening,home
3,12,sunday,weekend,20,evening,home
3,12,sunday,weekend,21,evening,home
3,12,sunday,weekend,22,night,home
3,12,sunday,weekend,23,night,home
3,13,monday,weekday,0,night,home
3,13,monday,weekday,1,night,home
3,13,monday,weekday,2,night,home
3,13,monday,weekday,3,night,home
3,13,monday,weekday,4,night,home
3,13,monday,weekday,5,night,home
3,13,monday,weekday,6,morning,home
3,13,monday,weekday,7,morning,home
3,13,monday,weekday,8,morning,campus
3,13,monday,weekday,9,morning,campus
3,13,monday,weekday,10,morning,campus
3,13,monday,weekday,11,morning,campus
3,13,monday,weekday,12,afternoon,office
3,13,monday,weekday,13,afternoon,office
3,13,monday,weekday,14,afternoon,office
3,13,monday,weekday,15,afternoon,office
3,13,monday,weekday,16,afternoon,campus
3,13,monday,weekday,17,afternoon,campus
3,13,monday,weekday,18,evening,campus
3,13,monday,weekday,19,evening,home
3,13,monday,weekday,20,evening,home
3,13,monday,weekday,21,evening,home
3,13,monday,weekday,22,night,home
3,13,monday,weekday,23,night,home
3,14,tuesday,weekday,0,night,home
3,14,tuesday,weekday,1,night,home
3,14,tuesday,weekday,2,night,home
3,14,tuesday,weekday,3,night,home
3,14,tuesday,weekday,4,night,home
3,14,tuesday,weekday,5,night,home
3,14,tuesday,weekday,6,morning,home
3,14,tuesday,weekday,7,morning,home
3,14,tuesday,weekday,8,morning,home
3,14,tuesday,weekday,9,morning,home
3,14,tuesday,weekday,10,morning,office
3,14,tuesday,weekday,11,morning,office
3,14,tuesday,weekday,12,afternoon,restaurant
3,14,tuesday,weekday,13,afternoon,office
3,14,tuesday,weekday,14,afternoon,office
3,14,tuesday,weekday,15,afternoon,office
3,14,tuesday,weekday,16,afternoon,office
3,14,tuesday,weekday,17,afternoon,office
3,14,tuesday,weekday,18,evening,office
3,14,tuesday,weekday,19,evening,home
3,14,tuesday,weekday,20,evening,home
3,14,tuesday,weekday,21,evening,home
3,14,tuesday,weekday,22,night,home
3,14,tuesday,weekday,23,night,home
3,15,wednesday,weekday,0,night,home
3,15,wednesday,weekday,1,night,home
3,15,wednesday,weekday,2,night,home
3,15,wednesday,weekday,3,night,home
3,15,wednesday,weekday,4,night,home
3,15,wednesday,weekday,5,night,home
3,15,wednesday,weekday,6,morning,home
3,15,wednesday,weekday,7,morning,home
3,15,wednesday,weekday,8,morning,campus
3,15,wednesday,weekday,9,morning,campus
3,15,wednesday,weekday,10,morning,campus
3,15,wednesday,weekday,11,morning,office
3,15,wednesday,weekday,12,afternoon,office
3,15,wednesday,weekday,13,afternoon,restaurant
3,15,wednesday,weekday,14,afternoon,office
3,15,wednesday,weekday,15,afternoon,campus
3,15,wednesday,weekday,16,afternoon,campus
3,15,wednesday,weekday,17,afternoon,home
3,15,wednesday,weekday,18,evening,home
3,15,wednesday,weekday,19,evening,home
3,15,wednesday,weekday,20,evening,home
3,15,wednesday,weekday,21,evening,home
3,15,wednesday,weekday,22,night,home
3,15,wednesday,weekday,23,night,home
3,16,thursday,weekday,0,night,home
3,16,thursday,weekday,1,night,home
3,16,thursday,weekday,2,night,home
3,16,thursday,weekday,3,night,home
3,16,thursday,weekday,4,night,home
3,16,thursday,weekday,5,night,home
3,16,thursday,weekday,6,morning,home
3,16,thursday,weekday,7,morning,home
3,16,thursday,weekday,8,morning,home
3,16,thursday,weekday,9,morning,office
3,16,thursday,weekday,10,morning,office
3,16,thursday,weekday,11,morning,office
3,16,thursday,weekday,12,afternoon,restaurant
3,16,thursday,weekday,13,afternoon,office
3,16,thursday,weekday,14,afternoon,office
3,16,thursday,weekday,15,afternoon,office
3,16,thursday,weekday,16,afternoon,office
3,16,thursday,weekday,17,afternoon,office
3,16,thursday,weekday,18,evening,home
3,16,thursday,weekday,19,evening,home
3,16,thursday,weekday,20,evening,home
3,16,thursday,weekday,21,evening,home
3,16,thursday,weekday,22,night,home
3,16,thursday,weekday,23,night,home
3,17,friday,weekday,0,night,home
3,17,friday,weekday,1,night,home
3,17,friday,weekday,2,night,home
3,17,friday,weekday,3,night,home
3,17,friday,weekday,4,night,home
3,17,friday,weekday,5,night,home
3,17,friday,weekday,6,morning,home
3,17,friday,weekday,7,morning,home
3,17,friday,weekday,8,morning,home
3,17,friday,weekday,9,morning,office
3,17,friday,weekday,10,morning,office
3,17,friday,weekday,11,morning,office
3,17,friday,weekday,12,afternoon,restaurant
3,17,friday,weekday,13,afternoon,office
3,17,friday,weekday,14,afternoon,office
3,17,friday,weekday,15,afternoon,office
3,17,friday,weekday,16,afternoon,office
3,17,friday,weekday,17,afternoon,office
3,17,friday,weekday,18,evening,home
3,17,friday,weekday,19,evening,home
3,17,friday,weekday,20,evening,home
3,17,friday,weekday,21,evening,home
3,17,friday,weekday,22,night,home
3,17,friday,weekday,23,night,home
3,18,saturday,weekend,0,night,home
3,18,saturday,weekend,1,night,home
3,18,saturday,weekend,2,night,home
3,18,saturday,weekend,3,night,home
3,18,saturday,weekend,4,night,home
3,18,saturday,weekend,5,night,home
3,18,saturday,weekend,6,morning,home
3,18,saturday,weekend,7,morning,home
3,18,saturday,weekend,8,morning,home
3,18,saturday,weekend,9,morning,home
3,18,saturday,weekend,10,morning,home
3,18,saturday,weekend,11,morning,home
3,18,saturday,weekend,12,afternoon,home
3,18,saturday,weekend,13,afternoon,home
3,18,saturday,weekend,14,afternoon,home
3,18,saturday,weekend,15,afternoon,home
3,18,saturday,weekend,16,afternoon,home
3,18,saturday,weekend,17,afternoon,home
3,18,saturday,weekend,18,evening,home
3,18,saturday,weekend,19,evening,home
3,18,saturday,weekend,20,evening,store
3,18,saturday,weekend,21,evening,home
3,18,saturday,weekend,22,night,home
3,18,saturday,weekend,23,night,home
3,19,sunday,weekend,0,night,home
3,19,sunday,weekend,1,night,home
3,19,sunday,weekend,2,night,home
3,19,sunday,weekend,3,night,home
3,19,sunday,weekend,4,night,home
3,19,sunday,weekend,5,night,home
3,19,sunday,weekend,6,morning,home
3,19,sunday,weekend,7,morning,home
3,19,sunday,weekend,8,morning,home
3,19,sunday,weekend,9,morning,home
3,19,sunday,weekend,10,morning,home
3,19,sunday,weekend,11,morning,home
3,19,sunday,weekend,12,afternoon,home
3,19,sunday,weekend,13,afternoon,home
3,19,sunday,weekend,14,afternoon,home
3,19,sunday,weekend,15,afternoon,home
3,19,sunday,weekend,16,afternoon,home
3,19,sunday,weekend,17,afternoon,home
3,19,sunday,weekend,18,evening,home
3,19,sunday,weekend,19,evening,home
3,19,sunday,weekend,20,evening,home
3,19,sunday,weekend,21,evening,home
3,19,sunday,weekend,22,night,home
3,19,sunday,weekend,23,night,home
3,20,monday,weekday,0,night,home
3,20,monday,weekday,1,night,home
3,20,monday,weekday,2,night,home
3,20,monday,weekday,3,night,home
3,20,monday,weekday,4,night,home
3,20,monday,weekday,5,night,home
3,20,monday,weekday,6,morning,home
3,20,monday,weekday,7,morning,home
3,20,monday,weekday,8,morning,home
3,20,monday,weekday,9,morning,office
3,20,monday,weekday,10,morning,office
3,20,monday,weekday,11,morning,office
3,20,monday,weekday,12,afternoon,restaurant
3,20,monday,weekday,13,afternoon,office
3,20,monday,weekday,14,afternoon,office
3,20,monday,weekday,15,afternoon,office
3,20,monday,weekday,16,afternoon,office
3,20,monday,weekday,17,afternoon,office
3,20,monday,weekday,18,evening,home
3,20,monday,weekday,19,evening,home
3,20,monday,weekday,20,evening,home
3,20,monday,weekday,21,evening,home
3,20,monday,weekday,22,night,home
3,20,monday,weekday,23,night,home
3,21,tuesday,weekday,0,night,home
3,21,tuesday,weekday,1,night,home
3,21,tuesday,weekday,2,night,home
3,21,tuesday,weekday,3,night,home
3,21,tuesday,weekday,4,night,home
3,21,tuesday,weekday,5,night,home
3,21,tuesday,weekday,6,morning,home
3,21,tuesday,weekday,7,morning,home
3,21,tuesday,weekday,8,morning,home
3,21,tuesday,weekday,9,morning,office
3,21,tuesday,weekday,10,morning,office
3,21,tuesday,weekday,11,morning,office
3,21,tuesday,weekday,12,afternoon,restaurant
3,21,tuesday,weekday,13,afternoon,office
3,21,tuesday,weekday,14,afternoon,office
3,21,tuesday,weekday,15,afternoon,office
3,21,tuesday,weekday,16,afternoon,office
3,21,tuesday,weekday,17,afternoon,office
3,21,tuesday,weekday,18,evening,store
3,21,tuesday,weekday,19,evening,store
3,21,tuesday,weekday,20,evening,home
3,21,tuesday,weekday,21,evening,home
3,21,tuesday,weekday,22,night,home
3,21,tuesday,weekday,23,night,home
3,22,wednesday,weekday,0,night,home
3,22,wednesday,weekday,1,night,home
3,22,wednesday,weekday,2,night,home
3,22,wednesday,weekday,3,night,home
3,22,wednesday,weekday,4,night,home
3,22,wednesday,weekday,5,night,home
3,22,wednesday,weekday,6,morning,home
3,22,wednesday,weekday,7,morning,home
3,22,wednesday,weekday,8,morning,home
3,22,wednesday,weekday,9,morning,home
3,22,wednesday,weekday,10,morning,home
3,22,wednesday,weekday,11,morning,restaurant
3,22,wednesday,weekday,12,afternoon,home
3,22,wednesday,weekday,13,afternoon,home
3,22,wednesday,weekday,14,afternoon,home
3,22,wednesday,weekday,15,afternoon,home
3,22,wednesday,weekday,16,afternoon,home
3,22,wednesday,weekday,17,afternoon,home
3,22,wednesday,weekday,18,evening,home
3,22,wednesday,weekday,19,evening,home
3,22,wednesday,weekday,20,evening,home
3,22,wednesday,weekday,21,evening,home
3,22,wednesday,weekday,22,night,home
3,22,wednesday,weekday,23,night,home
3,23,thursday,weekday,0,night,home
3,23,thursday,weekday,1,night,home
3,23,thursday,weekday,2,night,home
3,23,thursday,weekday,3,night,home
3,23,thursday,weekday,4,night,home
3,23,thursday,weekday,5,night,home
3,23,thursday,weekday,6,morning,home
3,23,thursday,weekday,7,morning,home
3,23,thursday,weekday,8,morning,home
3,23,thursday,weekday,9,morning,campus
3,23,thursday,weekday,10,morning,campus
3,23,thursday,weekday,11,morning,campus
3,23,thursday,weekday,12,afternoon,office
3,23,thursday,weekday,13,afternoon,office
3,23,thursday,weekday,14,afternoon,office
3,23,thursday,weekday,15,afternoon,office
3,23,thursday,weekday,16,afternoon,office
3,23,thursday,weekday,17,afternoon,office
3,23,thursday,weekday,18,evening,store
3,23,thursday,weekday,19,evening,home
3,23,thursday,weekday,20,evening,home
3,23,thursday,weekday,21,evening,home
3,23,thursday,weekday,22,night,home
3,23,thursday,weekday,23,night,home
3,24,friday,weekday,0,night,home
3,24,friday,weekday,1,night,home
3,24,friday,weekday,2,night,home
3,24,friday,weekday,3,night,home
3,24,friday,weekday,4,night,home
3,24,friday,weekday,5,night,home
3,24,friday,weekday,6,morning,home
3,24,friday,weekday,7,morning,home
3,24,friday,weekday,8,morning,campus
3,24,friday,weekday,9,morning,campus
3,24,friday,weekday,10,morning,office
3,24,friday,weekday,11,morning,office
3,24,friday,weekday,12,afternoon,office
3,24,friday,weekday,13,afternoon,office
3,24,friday,weekday,14,afternoon,office
3,24,friday,weekday,15,afternoon,office
3,24,friday,weekday,16,afternoon,office
3,24,friday,weekday,17,afternoon,office
3,24,friday,weekday,18,evening,restaurant
3,24,friday,weekday,19,evening,home
3,24,friday,weekday,20,evening,home
3,24,friday,weekday,21,evening,home
3,24,friday,weekday,22,night,home
3,24,friday,weekday,23,night,home
3,25,saturday,weekend,0,night,home
3,25,saturday,weekend,1,night,home
3,25,saturday,weekend,2,night,home
3,25,saturday,weekend,3,night,home
3,25,saturday,weekend,4,night,home
3,25,saturday,weekend,5,night,home
3,25,saturday,weekend,6,morning,home
3,25,saturday,weekend,7,morning,home
3,25,saturday,weekend,8,morning,home
3,25,saturday,weekend,9,morning,home
3,25,saturday,weekend,10,morning,home
3,25,saturday,weekend,11,morning,home
3,25,saturday,weekend,12,afternoon,home
3,25,saturday,weekend,13,afternoon,home
3,25,saturday,weekend,14,afternoon,home
3,25,saturday,weekend,15,afternoon,home
3,25,saturday,weekend,16,afternoon,home
3,25,saturday,weekend,17,afternoon,home
3,25,saturday,weekend,18,evening,theater
3,25,saturday,weekend,19,evening,theater
3,25,saturday,weekend,20,evening,theater
3,25,saturday,weekend,21,evening,restaurant
3,25,saturday,weekend,22,night,home
3,25,saturday,weekend,23,night,home
3,26,sunday,weekend,0,night,home
3,26,sunday,weekend,1,night,home
3,26,sunday,weekend,2,night,home
3,26,sunday,weekend,3,night,home
3,26,sunday,weekend,4,night,home
3,26,sunday,weekend,5,night,home
3,26,sunday,weekend,6,morning,home
3,26,sunday,weekend,7,morning,home
3,26,sunday,weekend,8,morning,home
3,26,sunday,weekend,9,morning,home
3,26,sunday,weekend,10,morning,home
3,26,sunday,weekend,11,morning,home
3,26,sunday,weekend,12,afternoon,home
3,26,sunday,weekend,13,afternoon,home
3,26,sunday,weekend,14,afternoon,home
3,26,sunday,weekend,15,afternoon,home
3,26,sunday,weekend,16,afternoon,home
3,26,sunday,weekend,17,afternoon,home
3,26,sunday,weekend,18,evening,home
3,26,sunday,weekend,19,evening,home
3,26,sunday,weekend,20,evening,home
3,26,sunday,weekend,21,evening,home
3,26,sunday,weekend,22,night,home
3,26,sunday,weekend,23,night,home
3,27,monday,weekday,0,night,home
3,27,monday,weekday,1,night,home
3,27,monday,weekday,2,night,home
3,27,monday,weekday,3,night,home
3,27,monday,weekday,4,night,home
3,27,monday,weekday,5,night,home
3,27,monday,weekday,6,morning,home
3,27,monday,weekday,7,morning,home
3,27,monday,weekday,8,morning,home
3,27,monday,weekday,9,morning,home
3,27,monday,weekday,10,morning,home
3,27,monday,weekday,11,morning,restaurant
3,27,monday,weekday,12,afternoon,home
3,27,monday,weekday,13,afternoon,home
3,27,monday,weekday,14,afternoon,home
3,27,monday,weekday,15,afternoon,home
3,27,monday,weekday,16,afternoon,home
3,27,monday,weekday,17,afternoon,home
3,27,monday,weekday,18,evening,home
3,27,monday,weekday,19,evening,home
3,27,monday,weekday,20,evening,home
3,27,monday,weekday,21,evening,home
3,27,monday,weekday,22,night,home
3,27,monday,weekday,23,night,home
3,28,tuesday,weekday,0,night,home
3,28,tuesday,weekday,1,night,home
3,28,tuesday,weekday,2,night,home
3,28,tuesday,weekday,3,night,home
3,28,tuesday,weekday,4,night,home
3,28,tuesday,weekday,5,night,home
3,28,tuesday,weekday,6,morning,home
3,28,tuesday,weekday,7,morning,home
3,28,tuesday,weekday,8,morning,home
3,28,tuesday,weekday,9,morning,home
3,28,tuesday,weekday,10,morning,office
3,28,tuesday,weekday,11,morning,office
3,28,tuesday,weekday,12,afternoon,restaurant
3,28,tuesday,weekday,13,afternoon,office
3,28,tuesday,weekday,14,afternoon,office
3,28,tuesday,weekday,15,afternoon,office
3,28,tuesday,weekday,16,afternoon,office
3,28,tuesday,weekday,17,afternoon,office
3,28,tuesday,weekday,18,evening,home
3,28,tuesday,weekday,19,evening,home
3,28,tuesday,weekday,20,evening,home
3,28,tuesday,weekday,21,evening,home
3,28,tuesday,weekday,22,night,home
3,28,tuesday,weekday,23,night,home
3,29,wednesday,weekday,0,night,home
3,29,wednesday,weekday,1,night,home
3,29,wednesday,weekday,2,night,home
3,29,wednesday,weekday,3,night,home
3,29,wednesday,weekday,4,night,home
3,29,wednesday,weekday,5,night,home
3,29,wednesday,weekday,6,morning,home
3,29,wednesday,weekday,7,morning,home
3,29,wednesday,weekday,8,morning,home
3,29,wednesday,weekday,9,morning,office
3,29,wednesday,weekday,10,morning,office
3,29,wednesday,weekday,11,morning,office
3,29,wednesday,weekday,12,afternoon,restaurant
3,29,wednesday,weekday,13,afternoon,office
3,29,wednesday,weekday,14,afternoon,office
3,29,wednesday,weekday,15,afternoon,campus
3,29,wednesday,weekday,16,afternoon,campus
3,29,wednesday,weekday,17,afternoon,home
3,29,wednesday,weekday,18,evening,home
3,29,wednesday,weekday,19,evening,home
3,29,wednesday,weekday,20,evening,home
3,29,wednesday,weekday,21,evening,home
3,29,wednesday,weekday,22,night,home
3,29,wednesday,weekday,23,night,home
3,30,thursday,weekday,0,night,home
3,30,thursday,weekday,1,night,home
3,30,thursday,weekday,2,night,home
3,30,thursday,weekday,3,night,home
3,30,thursday,weekday,4,night,home
3,30,thursday,weekday,5,night,home
3,30,thursday,weekday,6,morning,home
3,30,thursday,weekday,7,morning,home
3,30,thursday,weekday,8,morning,home
3,30,thursday,weekday,9,morning,office
3,30,thursday,weekday,10,morning,office
3,30,thursday,weekday,11,morning,office
3,30,thursday,weekday,12,afternoon,office
3,30,thursday,weekday,13,afternoon,office
3,30,thursday,weekday,14,afternoon,office
3,30,thursday,weekday,15,afternoon,office
3,30,thursday,weekday,16,afternoon,office
3,30,thursday,weekday,17,afternoon,office
3,30,thursday,weekday,18,evening,office
3,30,thursday,weekday,19,evening,home
3,30,thursday,weekday,20,evening,home
3,30,thursday,weekday,21,evening,home
3,30,thursday,weekday,22,night,home
3,30,thursday,weekday,23,night,home
3,31,friday,weekday,0,night,home
3,31,friday,weekday,1,night,home
3,31,friday,weekday,2,night,home
3,31,friday,weekday,3,night,home
3,31,friday,weekday,4,night,home
3,31,friday,weekday,5,night,home
3,31,friday,weekday,6,morning,home
3,31,friday,weekday,7,morning,home
3,31,friday,weekday,8,morning,home
3,31,friday,weekday,9,morning,home
3,31,friday,weekday,10,morning,home
3,31,friday,weekday,11,morning,restaurant
3,31,friday,weekday,12,afternoon,home
3,31,friday,weekday,13,afternoon,home
3,31,friday,weekday,14,afternoon,home
3,31,friday,weekday,15,afternoon,home
3,31,friday,weekday,16,afternoon,home
3,31,friday,weekday,17,afternoon,home
3,31,friday,weekday,18,evening,restaurant
3,31,friday,weekday,19,evening,home
3,31,friday,weekday,20,evening,home
3,31,friday,weekday,21,evening,home
3,31,friday,weekday,22,night,home
3,31,friday,weekday,23,night,home
4,1,saturday,weekend,0,night,home
4,1,saturday,weekend,1,night,home
4,1,saturday,weekend,2,night,home
4,1,saturday,weekend,3,night,home
4,1,saturday,weekend,4,night,home
4,1,saturday,weekend,5,night,home
4,1,saturday,weekend,6,morning,home
4,1,saturday,weekend,7,morning,home
4,1,saturday,weekend,8,morning,home
4,1,saturday,weekend,9,morning,home
4,1,saturday,weekend,10,morning,home
4,1,saturday,weekend,11,morning,home
4,1,saturday,weekend,12,afternoon,home
4,1,saturday,weekend,13,afternoon,home
4,1,saturday,weekend,14,afternoon,home
4,1,saturday,weekend,15,afternoon,restaurant
4,1,saturday,weekend,16,afternoon,home
4,1,saturday,weekend,17,afternoon,home
4,1,saturday,weekend,18,evening,home
4,1,saturday,weekend,19,evening,home
4,1,saturday,weekend,20,evening,home
4,1,saturday,weekend,21,evening,home
4,1,saturday,weekend,22,night,home
4,1,saturday,weekend,23,night,home
4,2,sunday,weekend,0,night,home
4,2,sunday,weekend,1,night,home
4,2,sunday,weekend,2,night,home
4,2,sunday,weekend,3,night,home
4,2,sunday,weekend,4,night,home
4,2,sunday,weekend,5,night,home
4,2,sunday,weekend,6,morning,home
4,2,sunday,weekend,7,morning,home
4,2,sunday,weekend,8,morning,home
4,2,sunday,weekend,9,morning,home
4,2,sunday,weekend,10,morning,home
4,2,sunday,weekend,11,morning,restaurant
4,2,sunday,weekend,12,afternoon,home
4,2,sunday,weekend,13,afternoon,home
4,2,sunday,weekend,14,afternoon,home
4,2,sunday,weekend,15,afternoon,home
4,2,sunday,weekend,16,afternoon,home
4,2,sunday,weekend,17,afternoon,home
4,2,sunday,weekend,18,evening,home
4,2,sunday,weekend,19,evening,home
4,2,sunday,weekend,20,evening,home
4,2,sunday,weekend,21,evening,home
4,2,sunday,weekend,22,night,home
4,2,sunday,weekend,23,night,home
4,3,monday,weekday,0,night,home
4,3,monday,weekday,1,night,home
4,3,monday,weekday,2,night,home
4,3,monday,weekday,3,night,home
4,3,monday,weekday,4,night,home
4,3,monday,weekday,5,night,home
4,3,monday,weekday,6,morning,home
4,3,monday,weekday,7,morning,home
4,3,monday,weekday,8,morning,home
4,3,monday,weekday,9,morning,office
4,3,monday,weekday,10,morning,office
4,3,monday,weekday,11,morning,office
4,3,monday,weekday,12,afternoon,restaurant
4,3,monday,weekday,13,afternoon,office
4,3,monday,weekday,14,afternoon,office
4,3,monday,weekday,15,afternoon,office
4,3,monday,weekday,16,afternoon,office
4,3,monday,weekday,17,afternoon,office
4,3,monday,weekday,18,evening,office
4,3,monday,weekday,19,evening,home
4,3,monday,weekday,20,evening,home
4,3,monday,weekday,21,evening,home
4,3,monday,weekday,22,night,home
4,3,monday,weekday,23,night,home
4,4,tuesday,weekday,0,night,home
4,4,tuesday,weekday,1,night,home
4,4,tuesday,weekday,2,night,home
4,4,tuesday,weekday,3,night,home
4,4,tuesday,weekday,4,night,home
4,4,tuesday,weekday,5,night,home
4,4,tuesday,weekday,6,morning,home
4,4,tuesday,weekday,7,morning,home
4,4,tuesday,weekday,8,morning,home
4,4,tuesday,weekday,9,morning,office
4,4,tuesday,weekday,10,morning,office
4,4,tuesday,weekday,11,morning,office
4,4,tuesday,weekday,12,afternoon,restaurant
4,4,tuesday,weekday,13,afternoon,office
4,4,tuesday,weekday,14,afternoon,office
4,4,tuesday,weekday,15,afternoon,office
4,4,tuesday,weekday,16,afternoon,office
4,4,tuesday,weekday,17,afternoon,office
4,4,tuesday,weekday,18,evening,home
4,4,tuesday,weekday,19,evening,home
4,4,tuesday,weekday,20,evening,home
4,4,tuesday,weekday,21,evening,home
4,4,tuesday,weekday,22,night,home
4,4,tuesday,weekday,23,night,home